﻿<?xml version="1.0" encoding="utf-8"?>
<abapGit version="v1.0.0" serializer="LCL_OBJECT_TABL" serializer_version="v1.0.0">
 <asx:abap xmlns:asx="http://www.sap.com/abapxml" version="1.0">
  <asx:values>
   <DD02V>
    <TABNAME>Y2C_HRESS_S_PTARQ_ATT_INFO</TABNAME>
    <DDLANGUAGE>E</DDLANGUAGE>
    <TABCLASS>INTTAB</TABCLASS>
    <DDTEXT>Proxy hress_s_ptarq_att_info structure</DDTEXT>
    <EXCLASS>1</EXCLASS>
   </DD02V>
   <DD03P_TABLE>
    <DD03P>
     <TABNAME>Y2C_HRESS_S_PTARQ_ATT_INFO</TABNAME>
     <FIELDNAME>FILE_PATH</FIELDNAME>
     <POSITION>0001</POSITION>
     <ROLLNAME>STRINGVAL</ROLLNAME>
     <ADMINFIELD>0</ADMINFIELD>
     <COMPTYPE>E</COMPTYPE>
    </DD03P>
    <DD03P>
     <TABNAME>Y2C_HRESS_S_PTARQ_ATT_INFO</TABNAME>
     <FIELDNAME>FILE_NAME</FIELDNAME>
     <POSITION>0002</POSITION>
     <ROLLNAME>STRINGVAL</ROLLNAME>
     <ADMINFIELD>0</ADMINFIELD>
     <COMPTYPE>E</COMPTYPE>
    </DD03P>
    <DD03P>
     <TABNAME>Y2C_HRESS_S_PTARQ_ATT_INFO</TABNAME>
     <FIELDNAME>FILE_TYPE</FIELDNAME>
     <POSITION>0003</POSITION>
     <ROLLNAME>CHAR128</ROLLNAME>
     <ADMINFIELD>0</ADMINFIELD>
     <COMPTYPE>E</COMPTYPE>
    </DD03P>
    <DD03P>
     <TABNAME>Y2C_HRESS_S_PTARQ_ATT_INFO</TABNAME>
     <FIELDNAME>FILE_SIZE_DESCR</FIELDNAME>
     <POSITION>0004</POSITION>
     <ROLLNAME>STRINGVAL</ROLLNAME>
     <ADMINFIELD>0</ADMINFIELD>
     <COMPTYPE>E</COMPTYPE>
    </DD03P>
    <DD03P>
     <TABNAME>Y2C_HRESS_S_PTARQ_ATT_INFO</TABNAME>
     <FIELDNAME>FILE_SIZE</FIELDNAME>
     <POSITION>0005</POSITION>
     <ROLLNAME>NUM12</ROLLNAME>
     <ADMINFIELD>0</ADMINFIELD>
     <COMPTYPE>E</COMPTYPE>
    </DD03P>
    <DD03P>
     <TABNAME>Y2C_HRESS_S_PTARQ_ATT_INFO</TABNAME>
     <FIELDNAME>FILE_CONTENT</FIELDNAME>
     <POSITION>0006</POSITION>
     <ROLLNAME>XSTRINGVAL</ROLLNAME>
     <ADMINFIELD>0</ADMINFIELD>
     <COMPTYPE>E</COMPTYPE>
    </DD03P>
    <DD03P>
     <TABNAME>Y2C_HRESS_S_PTARQ_ATT_INFO</TABNAME>
     <FIELDNAME>FILE_URL</FIELDNAME>
     <POSITION>0007</POSITION>
     <ROLLNAME>STRINGVAL</ROLLNAME>
     <ADMINFIELD>0</ADMINFIELD>
     <COMPTYPE>E</COMPTYPE>
    </DD03P>
    <DD03P>
     <TABNAME>Y2C_HRESS_S_PTARQ_ATT_INFO</TABNAME>
     <FIELDNAME>DELETE_ENABLED</FIELDNAME>
     <POSITION>0008</POSITION>
     <ROLLNAME>BOOLE_D</ROLLNAME>
     <ADMINFIELD>0</ADMINFIELD>
     <VALEXI>X</VALEXI>
     <SHLPORIGIN>F</SHLPORIGIN>
     <COMPTYPE>E</COMPTYPE>
    </DD03P>
    <DD03P>
     <TABNAME>Y2C_HRESS_S_PTARQ_ATT_INFO</TABNAME>
     <FIELDNAME>CREA_USER</FIELDNAME>
     <POSITION>0009</POSITION>
     <ROLLNAME>UNAME</ROLLNAME>
     <ADMINFIELD>0</ADMINFIELD>
     <COMPTYPE>E</COMPTYPE>
    </DD03P>
    <DD03P>
     <TABNAME>Y2C_HRESS_S_PTARQ_ATT_INFO</TABNAME>
     <FIELDNAME>CREA_DATE</FIELDNAME>
     <POSITION>0010</POSITION>
     <ROLLNAME>SAEABADATE</ROLLNAME>
     <ADMINFIELD>0</ADMINFIELD>
     <SHLPORIGIN>T</SHLPORIGIN>
     <COMPTYPE>E</COMPTYPE>
    </DD03P>
    <DD03P>
     <TABNAME>Y2C_HRESS_S_PTARQ_ATT_INFO</TABNAME>
     <FIELDNAME>CREA_TIME</FIELDNAME>
     <POSITION>0011</POSITION>
     <ROLLNAME>ADMI_TIME</ROLLNAME>
     <ADMINFIELD>0</ADMINFIELD>
     <SHLPORIGIN>T</SHLPORIGIN>
     <COMPTYPE>E</COMPTYPE>
    </DD03P>
    <DD03P>
     <TABNAME>Y2C_HRESS_S_PTARQ_ATT_INFO</TABNAME>
     <FIELDNAME>ARCHIV_DOC_ID</FIELDNAME>
     <POSITION>0012</POSITION>
     <ROLLNAME>SAEARDOID</ROLLNAME>
     <ADMINFIELD>0</ADMINFIELD>
     <COMPTYPE>E</COMPTYPE>
    </DD03P>
    <DD03P>
     <TABNAME>Y2C_HRESS_S_PTARQ_ATT_INFO</TABNAME>
     <FIELDNAME>ATTACHMENT_STATUS</FIELDNAME>
     <POSITION>0013</POSITION>
     <ROLLNAME>Y2C_HRESS_PTARQ_ATT_STATUS</ROLLNAME>
     <ADMINFIELD>0</ADMINFIELD>
     <VALEXI>X</VALEXI>
     <SHLPORIGIN>F</SHLPORIGIN>
     <COMPTYPE>E</COMPTYPE>
    </DD03P>
    <DD03P>
     <TABNAME>Y2C_HRESS_S_PTARQ_ATT_INFO</TABNAME>
     <FIELDNAME>FILE_SEQNR</FIELDNAME>
     <POSITION>0014</POSITION>
     <ROLLNAME>NUMC_3</ROLLNAME>
     <ADMINFIELD>0</ADMINFIELD>
     <COMPTYPE>E</COMPTYPE>
    </DD03P>
    <DD03P>
     <TABNAME>Y2C_HRESS_S_PTARQ_ATT_INFO</TABNAME>
     <FIELDNAME>ACTION</FIELDNAME>
     <POSITION>0015</POSITION>
     <ROLLNAME>URL</ROLLNAME>
     <ADMINFIELD>0</ADMINFIELD>
     <COMPTYPE>E</COMPTYPE>
    </DD03P>
   </DD03P_TABLE>
  </asx:values>
 </asx:abap>
</abapGit>
